"freq","class","sub_class","name","tooltip","alias","ignore"
5734,"COUNTRY",NA,"UK","UK","\b(UK|GB)\b|Britain|British|United Kingdom|Great Britain|England",FALSE
3523,"COUNTRY",NA,"Germany","Germany","Germany|German|Deutsch",FALSE
2879,"COUNTRY",NA,"USA","USA","United States|U\.S\.|US\.|US|America|American|\bUSA\b",FALSE
2110,"COUNTRY",NA,"Scotland","Scotland","Scotland|Scottish( (G|g)vernment)?",FALSE
1775,"COUNTRY",NA,"Denmark","Denmark","Denmark|Danish",FALSE
1741,"COUNTRY",NA,"Netherlands","Netherlands","Netherlands|Dutch|Holland",FALSE
1203,"COUNTRY",NA,"China","China","China|Chinese",FALSE
902,"COUNTRY",NA,"France","France","France|French",FALSE
775,"COUNTRY",NA,"Norway","Norway","Norway|Norwegian",FALSE
711,"COUNTRY",NA,"Taiwan","Taiwan","Taiwan(ese)?",FALSE
655,"COUNTRY",NA,"Ireland","Ireland","Ireland|Irish",FALSE
552,"COUNTRY",NA,"Japan","Japan","Japan|Japanese",FALSE
424,"COUNTRY",NA,"Wales","Wales","Wales|Welsh",FALSE
385,"COUNTRY",NA,"Belgium","Belgium","Belgium",FALSE
324,"COUNTRY",NA,"Spain","Spain","Spain|Spanish",FALSE
321,"COUNTRY",NA,"Canada","Canada","Canada|Canadian",FALSE
304,"COUNTRY",NA,"Sweden","Sweden","Sweden|Swedish",FALSE
295,"COUNTRY",NA,"India","India","India",FALSE
240,"COUNTRY",NA,"Korea","Korea","(South )?Korea",FALSE
226,"COUNTRY",NA,"Australia","Australia","Australia|Australian",FALSE
143,"COUNTRY",NA,"Singapore","Singapore","Singapore",FALSE
56,"COUNTRY",NA,"Vietnam","Vietnam","Vietnam",FALSE
33,"COUNTRY",NA,"Indonesia","Indonesia","Indonesia",FALSE
28,"COUNTRY",NA,"Hong Kong","Hong Kong","Hong Kong",FALSE
24,"COUNTRY",NA,"Philippines","Philippines","Philippines",FALSE
18,"COUNTRY",NA,"Thailand","Thailand","Thailand",FALSE
540,"FARM",NA,"Hornsea Project One","Hornsea Windfarm","Hornsea( Project One)?",FALSE
423,"FARM",NA,"Walney Extension","Walney Extension Windfarm","Walney( Extension)?",FALSE
413,"FARM",NA,"Norther","Norther Windfarm","Norther",FALSE
394,"FARM",NA,"Beatrice","Beatrice Windfarm","Beatrice( Offshore)? Wind ?(F|f)arm( L(td|imited))?|Beatrice|\bBOWL\b",FALSE
372,"FARM",NA,"Borssele","Borssele Windfarm","Borssele",FALSE
323,"FARM",NA,"Kriegers Flak","Kriegers Flak Windfarm","Kriegers Flak|\bKFE\b|\bKFB\b",FALSE
316,"FARM",NA,"Dudgeon","Dudgeon Windfarm","Dudgeon",FALSE
290,"FARM",NA,"Borkum Riffgrund","Borkum Riffgrund Windfarm","Borkum Riffgrund",FALSE
273,"FARM",NA,"London Array","London Array Windfarm","London Array",FALSE
260,"FARM",NA,"Block Island","Block Island Windfarm","Block Island",FALSE
251,"FARM",NA,"Race Bank","Race Bank Windfarm","Race Bank",FALSE
237,"FARM",NA,"Horns Rev","Horns Rev Windfarm","Horns Rev",FALSE
224,"FARM",NA,"Gwynt y Mor","Gwynt y Mor Windfarm","Gwynt y M.r",FALSE
222,"FARM",NA,"Triton Knoll","Triton Knoll Windfarm","Triton Knoll",FALSE
216,"FARM",NA,"Merkur","Merkur Windfarm","Merkur",FALSE
192,"FARM",NA,"Rampion","Rampion Windfarm","Rampion",FALSE
192,"FARM",NA,"Gemini","Gemini Windfarm","Gemini",FALSE
189,"FARM",NA,"East Anglia ONE","East Anglia ONE Windfarm","East Anglia ONE",FALSE
183,"FARM",NA,"Dogger Bank","Dogger Bank Windfarm","Dogger Bank",FALSE
179,"FARM",NA,"Burbo Bank Extension","Burbo Bank Extension Windfarm","Burbo Bank Extension",FALSE
179,"FARM",NA,"Wikinger","Wikinger Windfarm","Wikinger",FALSE
170,"FARM",NA,"Greater Gabbard","Greater Gabbard Windfarm","Greater Gabbard",FALSE
170,"FARM",NA,"Sheringham Shoal","Sheringham Shoal Windfarm","Sheringham( Shoal)?",FALSE
167,"FARM",NA,"Hollandse Kust","Hollandse Kust Windfarm","Hollandse Kust( \((N|n)oord\))?( \((Z|z)uid\))?",FALSE
159,"FARM",NA,"Westermost Rough","Westermost Rough Windfarm","Westermost Rough",FALSE
158,"FARM",NA,"Irish Sea","Irish Sea Windfarm","Irish Sea",FALSE
149,"FARM",NA,"Sandbank","Sandbank Windfarm","Sandbank",FALSE
149,"FARM",NA,"Gode Wind","Gode Wind Windfarm","Gode Wind",FALSE
148,"FARM",NA,"Rentel","Rentel Windfarm","Rentel",FALSE
144,"FARM",NA,"Anholt","Anholt Windfarm","Anholt",FALSE
142,"FARM",NA,"Arkona","Arkona Windfarm","Arkona",FALSE
142,"FARM",NA,"Alpha Ventus","FARM","(A|a)lpha (V|v)entus",FALSE
138,"FARM",NA,"Hohe See","Hohe See Windfarm","Hohe See",FALSE
136,"FARM",NA,"Veja Mate","Veja Mate Windfarm","Veja Mate",FALSE
131,"FARM",NA,"Atlantis","Atlantis","Atlantis",FALSE
129,"FARM",NA,"Global Tech","Global Tech Windfarm","Global Tech",FALSE
124,"FARM",NA,"DanTysk","DanTysk Windfarm","DanTysk",FALSE
123,"FARM",NA,"Deutsche Bucht","Deutsche Bucht Windfarm","Deutsche Bucht",FALSE
116,"FARM",NA,"BARD","BARD Windfarm","BARD( (O|o)ffshore 1)|\bBARD\b",FALSE
102,"FARM",NA,"Humber Gateway","Humber Gateway Windfarm","Humber Gateway",FALSE
101,"FARM",NA,"Butendiek","Butendiek Windfarm","Butendiek",FALSE
95,"FARM",NA,"Duddon Sands","Duddon Sands Windfarm","Duddon Sands",FALSE
86,"FARM",NA,"Lincs","Lincs Windfarm","Lincs",FALSE
74,"FARM",NA,"Ormonde","Ormonde Windfarm","Ormonde",FALSE
70,"FARM",NA,"Hywind Scotland","Hywind Scotland","Hywind Scotland",FALSE
66,"FARM",NA,"Neart Na Gaoithe","Neart Na Gaoithe Windfarm","Neart (N|n)a Gaoithe",FALSE
62,"FARM",NA,"Trianel Windpark Borkum","Trianel Windpark Borkum","Trianel Windpark Borkum",FALSE
47,"FARM",NA,"Vesterhav Nord","Vesterhav Nord","Vesterhav Nord",FALSE
45,"FARM",NA,"Nissum Bredning","Nissum Bredning Windfarm","Nissum Bredning",FALSE
33,"FARM",NA,"SEM-REV","SEM-REV experimental test site","SEM-REV( experimental)?( test)?( site)?( \(WTIV\))?|\bSEM\b",FALSE
30,"FARM",NA,"ICOL","Inch Cape Offshore Limited","Inch Cape Offshore Limited( \(ICOL\))?|\bICOL\b",FALSE
24,"FARM",NA,"WFA","WindFloat Atlantic","WindFloat Atlantic",FALSE
12,"FARM",NA,"Galloper","Galloper Windfarm","Galloper Offshore Wind Farm",FALSE
344,"FINANCE",NA,"Carbon Trust","Carbon Trust","Carbon Trust",FALSE
294,"FINANCE",NA,"Crown Estate","Crown Estate","Crown Estate",FALSE
125,"FINANCE",NA,"Scottish Enterprise","Scottish Enterprise","Scottish Enterprise",FALSE
120,"FINANCE",NA,"EIB","European Investment Bank","European Investment Bank|\bEIB\b",FALSE
117,"FINANCE",NA,"GIB","Green Investment Bank UK","Green Investment Bank|\bGIB\b",FALSE
79,"FINANCE",NA,"Balfour Beatty","Balfour Beatty Investments Ltd","Balfour Beatty( Investments)?( Ltd)?",FALSE
79,"FINANCE",NA,"Vanguard","Vanguard Group Inc.","Vanguard",FALSE
74,"FINANCE",NA,"Capital Partners","Capital Partner Companies","Capital Partners",FALSE
73,"FINANCE",NA,"STX","STX Group","\bSTX( [A-Z][a-z]+){0,2}",FALSE
73,"FINANCE",NA,"Siemens Financial Services","Siemens Financial Services","Siemens Financial Services?",FALSE
70,"FINANCE",NA,"Finance","Finance Companies","Finance",FALSE
31,"FINANCE",NA,"PKA","Denmark's pension fund PKA","(Denmark's)?( (p|P)ension)?( (F|f)und)? PKA|PKA( P|p)ension|\bPKA\b",FALSE
30,"FINANCE",NA,"SDIC","SDIC Power of China","SDIC (P|p)ower (o|O)f (C|c)hina|\bSDIC\b",FALSE
25,"FINANCE",NA,"GCube","GCube","\bGCube\b",FALSE
442,"GOV",NA,"BOEM","Bureau of Ocean Energy Management","Bureau of Ocean Energy Management(, Regulation and Enforcement)?|\bBOEM(RE)?\b",FALSE
418,"GOV",NA,"DOE","Department of Energy","Department of Energy|\bD(O|o)E\b",FALSE
357,"GOV",NA,"EIA","Environmental Impact Assessment","(E|e)nvironmental( (I|i)mpact)? (A|a)ssessments?|\bE(I)?A\b",FALSE
261,"GOV",NA,"Ofgem","Ofgem","Ofgem",FALSE
215,"GOV",NA,"EC","European Commission","European Commission|\bEC\b",FALSE
130,"GOV",NA,"DECC","Department of Energy and Climate Change","Department of Energy and Climate Change|\bDECC\b",FALSE
119,"GOV",NA,"HSE","Health Safety and Environment","Health,? Safety,?( and)? Environment,?(al)?|\bHSEQ?\b",TRUE
101,"GOV",NA,"MOEA","Ministry of Economic Affairs","(M|m)inistr(y|ies) (for|of) (E|e)conomic (A|a)ffairs|\bMOEA\b",FALSE
98,"GOV",NA,"BoP","Balance of Plant","(B|b)alance of (P|p)lant|\bBoP\b",FALSE
90,"GOV",NA,"DEA","Danish Energy Agency","Danish Energy Agency|\bDEA\b",FALSE
79,"GOV",NA,"Marine Scotland","Marine Scotland","Marine Scotland",FALSE
77,"GOV",NA,"EEZ","Exclusive Economic Zone","Exclusive Economic Zone|\bEEZ\b",FALSE
77,"GOV",NA,"BSH","Maritime and Hydrographic Agency German","(Federal )?Maritime and Hydrographic Agency|\bBSH\b",FALSE
64,"GOV",NA,"MMO","Marine Management Organisation","Marine Management Organi(s|z)ation|\bMMO\b",FALSE
62,"GOV",NA,"Planning Inspectorate","Planning Inspectorate UK","Planning Inspectorate",FALSE
56,"GOV",NA,"BPU","Board of Public Utilities","Board of Public Utilities|\bBPU\b",FALSE
55,"GOV",NA,"STEM","Science Technology Engineering and Maths","Science, Technology, Engineering and Maths|STEM( Ambassadors?| Centre)?",FALSE
54,"GOV",NA,"MCA","Maine Composites Alliance","Maine Composites Alliance|\bMCA\b",FALSE
50,"GOV",NA,"ERDF","European Regional Development Fund","European Regional Development Fund|\bERDF\b",FALSE
50,"GOV",NA,"NOAA","National Oceanic and Atmospheric Administration","National (Oceanic|Oceanographic) and Atmospheric Administration|\bNOAA\b",FALSE
42,"GOV",NA,"BEIS","Dept. Business Energy and Industrial Strategy","(Department of |Secretary of State for )Business, Energy and Industrial Strategy|\bBEIS\b",TRUE
40,"GOV",NA,"BNetzA","Federal Network Agency","Federal Network Agency|\bBNetzA\b",FALSE
38,"GOV",NA,"DCO","Development Consent Order","(D|d)evelopment (C|c)onsent (O|o)rder|\bDCO\b",FALSE
37,"GOV",NA,"ADEME","French Environment and Energy Management Agency","Fr(ench|ance's) Environment and Energy Management Agency|\bADEME\b",FALSE
37,"GOV",NA,"SEAI","Sustainable Energy Authority of Ireland","Sustainable Energy Authority of Ireland( \(SEAI\))?|\bSEAI\b",FALSE
36,"GOV",NA,"EMR","Electricity Market Reform","(Energy|Electricity) Market Reform|\bEMR\b",TRUE
32,"GOV",NA,"BMWi","Ministry of Economics Affairs and Energy","Federal Ministry (of|for) Economics?( Affairs)?( and Energy)?|\bBMWi\b",FALSE
29,"GOV",NA,"PWEP","Perth Wave Energy Project","Perth Wave Energy Project|\bPWEP\b",FALSE
27,"GOV",NA,"FEED","Front End Engineering Design","(F|f)ront (E|e)nd (E|e)ngineering (D|d)esign|\bFEED\b",FALSE
27,"GOV",NA,"National Energy Agreement","National Energy Agreement","National Energy Agreement",FALSE
781,"INST",NA,"ORE","Offshore Renewable Energy","Offshore Renewable Energy|\bORE\b",TRUE
384,"INST",NA,"ORE Catapult","Offshore Renewable Energy Catapult","(Offshore Renewable Energy|ORE) Catapult",FALSE
297,"INST",NA,"NAREC","National Renewable Energy Centre","National Renewable Energy Centre|\bNAREC\b",TRUE
251,"INST",NA,"EMEC","European Marine Energy Centre","European Marine Energy Cent(re|er)|\bEMEC\b",FALSE
204,"INST",NA,"EWEA","European Wind Energy Associatio","European Wind Energy Association|\bEWEA\b",FALSE
193,"INST",NA,"EOWDC","European Offshore Wind Development Center","European Offshore Wind Deployment Centre|\bEOWDC\b",FALSE
150,"INST",NA,"IWES","Institute for Wind Energy Systems","Institute for Wind Energy Systems|\bIWES\b",FALSE
146,"INST",NA,"FORCE","Fundy Ocean Research Center for Energy","Fundy Ocean Research Center for Energy|\bFORCE\b",FALSE
139,"INST",NA,"ETI","Energy Technologies Institute","Energy Technologies Institute|\bETI\b",FALSE
139,"INST",NA,"ECN","Energy research center of the Netherlands","Energy (R|r)esearch Cent(re|er) of the Netherlands|Ecole Centrale( de) Nantes|\bECN\b",FALSE
131,"INST",NA,"GWO","Global Wind Organizarion","Global Wind Organistion|\bGWO\b",FALSE
121,"INST",NA,"IEC","International Electrotechnical Commi(ttee|ssion)","International Electrotechnical Commi(ttee|ssion)|\bIEC\b",FALSE
101,"INST",NA,"NREL","National Renewable Energy Laboratory","National Renewable Energy Laboratory|\bNREL\b",FALSE
91,"INST",NA,"ABP","Associated British Ports","Associated British Ports?|\bABP\b",FALSE
89,"INST",NA,"SCORE","Solent Offshore Renewable Energy Council","Solent Offshore Renewable Energy (Council|Consortium)|\bSCORE\b",FALSE
88,"INST",NA,"NYSERDA","New York State Energy Research and Development Authority","New York State Energy Research( and)? Development Authority|\bNYSERDA\b",FALSE
84,"INST",NA,"IEA","International Energy Agency","International Energy Agency|\bIEA\b",FALSE
74,"INST",NA,"ISO","International Organization for Standardization","\bISO\b",FALSE
63,"INST",NA,"HR Wallingford","HR Wallingford","HR Wallingford('s)?",FALSE
60,"INST",NA,"IRENA","International Renewable Energy Agency","International Renewable Energy Agency|\bIRENA\b",FALSE
55,"INST",NA,"OWI","OWI Lab.","\bOWI(( |-)Lab)?\b",FALSE
47,"INST",NA,"NEDO","New Energy and Industrial Technology Development Organisation","New Energy and Industrial Technology Development Organization|\bNEDO\b",FALSE
46,"INST",NA,"HIE","Highlands and Islands Enterprise","Highlands and Islands Enterprise( \(HIE\))?|\bHIE\b",FALSE
46,"INST",NA,"LEP","Local Enterprise Partnership","Local Enterprise Partnership|\bLEP\b",FALSE
45,"INST",NA,"LORC","Lindo Offshore Renewables Center","Lindoe Offshore Renewables Center|\bLORC\b",FALSE
45,"INST",NA,"DHI","Danish Hydraulic Institute","\bDHI\b",FALSE
41,"INST",NA,"IMCA","International Marine Contractors Association","(I|i)nternational (M|m)arine (C|c)ontractors (A|a)ssociation|\bIMCA\b",FALSE
40,"INST",NA,"AWEA","American Wind Energy Association","American Wind Energy Association|\bAWEA\b",FALSE
37,"INST",NA,"MARIN","Maritime Research Institute Netherlands","Maritime Research Institute Netherlands|\bMARIN\b",FALSE
37,"INST",NA,"OERA","Offshore Energy Research Association","Offshore Energy Research Association|\bOERA\b",FALSE
37,"INST",NA,"EPSRC","Engineering and Physical Sciences Research Council","Engineering (and|&) Physical Sciences Research Council|\bEPSRC\b",FALSE
36,"INST",NA,"WEA","Wind Energy Association","\b[^AEW]WEA\b|[BCDF-VX-Z][a-z]+ Wind Energy Association",FALSE
35,"INST",NA,"PNNL","Pacific Northwest National Lab.","Pacific Northwest National Laboratory|\bPNNL\b",FALSE
33,"INST",NA,"IMO","International Maritime Organization","International Maritime Organization|\bIMO\b",FALSE
31,"INST",NA,"Pike","Pike Research","Pike Research",FALSE
28,"INST",NA,"Wave Energy Scotland","Wave Energy Scotland","Wave Energy Scotland",FALSE
28,"INST",NA,"NWA","The National Workboat Association","The National Workboat Association( \(NWA\))?|\bNWA\b",FALSE
26,"INST",NA,"Marine Institute","Marine Institute","Marine Institute",FALSE
26,"INST",NA,"Sandia","Sandia National Lab.","Sandia National Laboratories|\bSandia\b",FALSE
24,"INST",NA,"NERC","Natural Environment Research Council","Natural Environment Research Council|\bNERC\b",FALSE
21,"INST",NA,"Navigant","Navigant Research","Navigant Research",FALSE
20,"INST",NA,"Norstec Academy","Norstec Academy","Norstec Academy",FALSE
19,"INST",NA,"WWEA","World Wind Energy Association","World Wind Energy Association|\bWWEA\b",FALSE
16,"INST",NA,"DyNaLab","Dynamic Nacelle Testing Lab.","Dynamic Nacelle Testing Laboratory|\bDyNaLab\b",FALSE
15,"INST",NA,"GWEC","Global Wind Energy Council","Global Wind Energy Council|\bGWE\b",FALSE
12,"INST",NA,"GE.Global","GE Global Research","GE Global Research",FALSE
14203,"KWORD",NA,"turbine","turbine","(T|t)urbine",FALSE
7347,"KWORD",NA,"system","system","(S|s)ystem",FALSE
7322,"KWORD",NA,"cable","cable","(C|c)able",FALSE
6539,"KWORD",NA,"installation","installation","(I|i)nstallation",FALSE
6342,"KWORD",NA,"technology","technology","(T|t)echnolog(y|ies)",FALSE
4014,"KWORD",NA,"grid","grid","(G|g)rid",FALSE
3892,"KWORD",NA,"foundation","foundation","(F|f)oundation",FALSE
1866,"KWORD",NA,"blade","blade","(B|b)lade",FALSE
1749,"KWORD",NA,"testing","testing","(T|t)esting",FALSE
1673,"KWORD",NA,"survey","survey","(S|s)urvey",FALSE
1526,"KWORD",NA,"training","training","(T|t)raining",FALSE
1296,"KWORD",NA,"O&M","O&M","O&M|(O|o)perations? (and|&) (M|m)aintenance",FALSE
1203,"KWORD",NA,"monitor","monitor","(M|m)onitor",FALSE
1121,"KWORD",NA,"monopile","monopile","monopile|Monopile|mono pile|Mono pile",FALSE
1118,"KWORD",NA,"jacket","jacket","(J|j)acket",FALSE
1038,"KWORD",NA,"seabed","seabed","(S|s)ea( )?bed",FALSE
901,"KWORD",NA,"maritime","maritime","(M|m)aritime",FALSE
733,"KWORD",NA,"protection","protection","(P|p)rotection",FALSE
721,"KWORD",NA,"inspection","inspection","(I|i)nspection",FALSE
437,"KWORD",NA,"underwater","underwater","(U|u)nder( )?water",FALSE
410,"KWORD",NA,"ROV/AUV","remotely operated vehicle","((R|r)emotely (O|o)perated|(A|a)utonomous (U|u)nderwater) (V|v)ehicle|\b(ROV|AUV)\b",FALSE
132,"KWORD",NA,"corrosion","corrosion","(C|c)orrosion",FALSE
121,"KWORD",NA,"drone","drone","(D|d)rone",FALSE
103,"KWORD",NA,"sonar","sonar","(S|s)onar",FALSE
1795,"LOC",NA,"North Sea","North Sea","North Sea",FALSE
603,"LOC",NA,"Baltic","Baltic Seas","Baltic( Seas?)?",FALSE
359,"LOC",NA,"East Anglia","East Anglia","East Anglia",TRUE
254,"LOC",NA,"New Jersey","New Jersey","New Jersey",FALSE
250,"LOC",NA,"Rhode Island","Rhode Island","Rhode Island",FALSE
215,"LOC",NA,"North America","North America","North America",FALSE
160,"LOC",NA,"Nova Scotia","Nova Scotia","Nova Scotia",FALSE
124,"LOC",NA,"Island of Borkum","Island of Borkum","Island of Borkum",TRUE
114,"LOC",NA,"California","California","California",FALSE
100,"LOC",NA,"Isle of Wight","Isle of Wight","Isle of Wight",TRUE
97,"LOC",NA,"Port of Esbjerg","Port of Esbjerg","Port of Esbjerg",FALSE
83,"LOC",NA,"Asia Pacific","Asia Pacific","Asia Pacific",TRUE
37,"LOC",NA,"COSCO Nantong Shipyard","COSCO Nantong Shipyard","COSCO( \(?Nan(t|T)ong\)?)?( (S|s)hipyard)?( \(COSCO\))?|\bCOSCO\b""",FALSE
36,"LOC",NA,"REBO","Renewable Energy Base Oostende","Renewable Energy Base Oostende( \(REBO\))?|\bREBO\b",FALSE
32,"LOC",NA,"BOW Terminal","BOW Terminal","BOW Terminal('s)?",FALSE
30,"LOC",NA,"North Norfolk","North Norfolk cosat","North Norfolk( coast)",FALSE
3237,"ORG","Turbine","SGRE","Siemens Gamesa","Siemens Gamesa( Renewable Energy)?|Siemens Wind Power( Service)?|Siemens(?!=( AG| Industry| Financial))|\bSGRE\b",FALSE
2285,"ORG","Developer","Orsted","Orsted/Dong","DONG Energy Wind Power|Dong Energy|\b(.rsted|DONG|Dong)\b",FALSE
1038,"ORG","PowerCo","TenneT","TenneT TSO GmbH","TenneT",FALSE
970,"ORG","Turbine","MHI","MHI Vestas","MHI( |-)Vestas|\bMHI\b",FALSE
621,"ORG","Others","ABB","ABB Group","ABB Group|ABB Power Systems|\bABB\b",FALSE
574,"ORG","PowerCo","E.ON","E.ON SE","E\.ON SE|E\.ON",FALSE
556,"ORG","Others","DNV-GL","DNV-GL Management Service","DNV( |-)GL|GL Garrad Hassan",FALSE
549,"ORG","Turbine","GE","General Electric","GE Renewable Energy|(G|g)eneral (E|e)lectric|\bGE\b",FALSE
506,"ORG","Engineering","Van Oord","Van Oord","(V|v)an Oord",FALSE
502,"ORG","Engineering","Boskalis","Royal Boskalis Westminister N.V.","(VolkerWessels |Royal )?Boskalis( Marine Solutions| Westminster( NV| N\.V\.)?)?|\bV(B|S)MS\b",FALSE
460,"ORG","PowerCo","RWE","RWE Innogy UK","RWE Innogy|RWE International SE|RWE Innogy UK|\bRWE\b",FALSE
458,"ORG","ShipBuil","Damen","Damen","Damen",FALSE
371,"ORG","Developer","Adwen/Areva","Adwen / Areva Wind GmbH","A(reva|dwen)( Wind)?( GmbH)?",TRUE
368,"ORG","PowerCo","SSE","Scottish & Southern Energy","Scottish( &| and)? Southern (Energy|Electric)|\bSSE\b",FALSE
322,"ORG","Cable","Nexans","Nexans","Nexans",FALSE
320,"ORG","Engineering","GeoSea","GeoSea","\bGeoSea\b",FALSE
317,"ORG","PowerCo","National Grid","National Grid plc.","National Grid",FALSE
315,"ORG","Engineering","DEME","DEME Group","\bDEME( Group)?\b",FALSE
304,"ORG","Engineering","A2SEA","A2SEA","A2SEA",FALSE
301,"ORG","PowerCo","EDF","EDF Energy Renewables","EDF(-| )EN|EDF( Energ(y|ies))?( Renewables)?",FALSE
297,"ORG","Engineering","CWind","CWind","CWind",FALSE
286,"ORG","Engineering","Jan De Nul","Jan De Nul Group","jan de nul( group)?",TRUE
260,"ORG","Cable","JDR","JDR Cable Systems","JDR Cable Systems|\bJDR\b",FALSE
260,"ORG","Consultant","EWE","EWE AG","\bEWE( AG\.?)?",FALSE
256,"ORG","Turbine","Senvion","Senvion","Senvion",FALSE
239,"ORG","Engineering","Olsen Windcarrier","Olsen Windcarrier","Olsen Windcarrier",FALSE
237,"ORG","Developer","SPR","ScottishPower Renewables","Scottish ?Power Renewables|\bSPR\b",FALSE
233,"ORG","Engineering","GMS(L)","Global Marine Group","Global Marine( [A-Z][a-z]+)*|\bGMSL?\b",FALSE
215,"ORG","Engineering","SHL","Seaway Heavy Lifting","Seaway Heavy Lifting|\bSHL\b",FALSE
194,"ORG","Others","Carnegie","Carnegie","Carnegie",FALSE
188,"ORG","Training","Maersk","Maersk Group","Maersk(?! Connector)",FALSE
186,"ORG","PowerCo","Eneco","Eneco","Eneco",FALSE
183,"ORG","Developer","CIP","Copenhagen Infrastructure Partners","(Copenhagen )?Infrastructure Partners|\bCIP\b",FALSE
181,"ORG","Cable","NKT","NKT (Holding) A/S","\bNKT\b",FALSE
174,"ORG","Others","Elia","Elia","Elia",FALSE
160,"ORG","Developer","Forewind","Forewind","Forewind",FALSE
158,"ORG","Engineering","Heerema","Heerema","Heerema",FALSE
145,"ORG","Others","OPT","Ocean Power Technologies","Ocean Power Technologies|\bOPT\b",FALSE
144,"ORG","Engineering","Seacat Services","Seacat Services","Seacat Services",FALSE
141,"ORG","Engineering","DeepOcean","DeepOcean","DeepOcean",FALSE
139,"ORG","Cable","Tekmar","Tekmar","Tekmar",FALSE
136,"ORG","Developer","RES","RES Group","RES Offshore|\bRES\b",FALSE
133,"ORG","Developer","Vineyard Wind","Vineyard Wind LLC","Vineyard Wind( LLC)?",FALSE
129,"ORG","Engineering","IHC","Royal IHC","Royal IHC|\bIHC\b",FALSE
126,"ORG","Developer","Shell","Shell Group","Shell",FALSE
124,"ORG","Developer","EDP","EDP Renewable","EDP Ren\S+|\bEDPR?\b",FALSE
122,"ORG","Blade","LM Wind Power","LM Wind Power","LM Wind Power",FALSE
118,"ORG","Engineering","EMO","EMS Maritime Offshore GmbH","EMS Maritime Offshore GmbH|EMS Maritime Offshore|\bEMO\b",FALSE
116,"ORG","Services","Ampelmann","Ampelmann","Ampelmann",FALSE
115,"ORG","Consultant","BMT","BMT Group","BMT Group|\bBMT\b",FALSE
111,"ORG","Equipment","Pelamis","Pelamis Wave Power","Pelamis( Wave Power)?",FALSE
110,"ORG","PowerCo","REpower","REpower","REpower",FALSE
109,"ORG","System","SeaPlanner","SeaPlanner","SeaPlanner",FALSE
109,"ORG","Engineering","Acta Marine","Acta Marine","Acta Marine",FALSE
107,"ORG","Engineering","OMM","Offshore Marine Management","Offshore Marine Management|\bOMM\b",FALSE
105,"ORG","Foundation","Principle Power","Principle Power","Principle Power",FALSE
101,"ORG","Services","ENGIE","ENGIE Fabricom","\bENGIE( Fabricom)?|GDF Suez|GDF SUEZ",FALSE
99,"ORG","Others","Wave Hub","Wave Hub","Wave Hub",FALSE
99,"ORG","Services","DCNS","Green Investment Bank UK","Naval Group|\bDCNS\b",FALSE
99,"ORG","Engineering","ESVAGT","ESVAGT","ESVAGT",FALSE
98,"ORG","Engineering","WINDEA","WINDEA OFFSHORE","W(INDEA|indea) ((O|o)ffshore)?|\bWINDEA\b",FALSE
98,"ORG","Engineering","JFMS","James Fisher Marine Services","James Fisher Marine Services|\bJFMS\b",FALSE
97,"ORG","Engineering","Tidal Transit","Tidal Transit","Tidal Transit",FALSE
96,"ORG","Engineering","DBB","DBB Jack-Up Services","DBB Jack-Up Services|\bDBB\b",FALSE
95,"ORG","Training","AIS","Automatic Identification System","Automated Information (S|s)ystem(s)?|\bAIS\b",FALSE
93,"ORG","Consultant","Natural Power","Natural Power","Natural Power",FALSE
93,"ORG","Others","Aquamarine Power","Aquamarine Power","Aquamarine Power",FALSE
92,"ORG","Engineering","Siem Offshore","Siem Offshore Contractors GmbH","Siem Offshore( Contractors( GmbH )?)?",FALSE
92,"ORG","Foundation","EEW-SPC","EEW Special Pipe Constructions","EEW( SPC| Special Pipe Constructions)?",FALSE
89,"ORG","Cable","NSW","Norddeutsche Seekabelwerke GmbH","Norddeutsche Seekabelwerke GmbH|\bNSW\b",FALSE
88,"ORG","Others","AMSC","American Superconductor","American Superconductor|\bAMSC\b",FALSE
85,"ORG","Others","KPS","Kite Power Systems","Kite Power Systems|\bKPS\b",FALSE
85,"ORG","Engineering","Swire Blue Ocean","Swire Blue Ocean","Swire Blue Ocean",FALSE
84,"ORG","System","AXYS","AXYS Technologies Inc.","AXYS Technologies Inc\.|\bAXYS\b",FALSE
83,"ORG","Others","Prysmian Group","Prysmian Group","Prysmian Group",FALSE
82,"ORG","Foundation","Bladt Industries","Bladt Industries","Bladt Industries",FALSE
80,"ORG","Equipment","Barge Master","Barge Master","Barge Master",FALSE
79,"ORG","Engineering","VSMC","Visser & Smit Marine Contracting","Visser & Smit Marine Contracting|\bVSMC\b",FALSE
78,"ORG","Services","EDS","EDS HV Group","\bEDS( HV( Group)?)?",FALSE
77,"ORG","Turbine","Hitachi","Hitachi","Hitachi",FALSE
77,"ORG","Engineering","SAL","SAL Heavy Lift","SAL( Heavy Lift| Offshore)|\bSAL\b",FALSE
76,"ORG","Consultant","MAKE","MAKE Consulting","\bMAKE( Consulting)?",FALSE
76,"ORG","Equipment","Lockheed Martin","Lockheed Martin","Lockheed Martin",FALSE
76,"ORG","Engineering","Dalby Offshore","Dalby Offshore","Dalby Offshore",FALSE
75,"ORG","Engineering","SHI","Samsung Heavy Industries","Samsung Heavy Industries|\bSHI\b",FALSE
74,"ORG","Engineering","MPI Offshore","MPI Offshore","MPI Offshore",FALSE
72,"ORG","Engineering","MMT","MMT AB Sweden","\bMMT\b",FALSE
71,"ORG","Consultant","ABS","ABS Consulting","\bABS( Consulting)?",FALSE
71,"ORG","Turbine","Deutsche Windtechnik","Deutsche Windtechnik Ltd","Deutsche Windtechnik",FALSE
71,"ORG","Engineering","SMST","SMST Designers & Constructors BV","\bSMST\b",FALSE
71,"ORG","Foundation","Universal Foundation","Universal Foundation A/S","Universal Foundation",FALSE
69,"ORG","Turbine","SeaTwirl","SeaTwirl","SeaTwirl",FALSE
68,"ORG","Services","SGS","SGS Renewable Energy","\bSGS( Renewable Energy)?",FALSE
68,"ORG","Others","Siemens Energy","Siemens Energy","Siemens Energy Management Division|Siemens Energy Sector|Siemens Energy",FALSE
67,"ORG","Engineering","SeaZip","SeaZip","SeaZip",FALSE
67,"ORG","Consultant","GICON","GICON Group","German GICON Group|Floating Offshore Foundation|GICON( (S|F)OF)?",FALSE
66,"ORG","Services","ESS","Energy Skills Scotland","Energy Skills Scotland|\bESS\b",FALSE
66,"ORG","Consultant","KIC","KIC InnoEnergy","\bKIC( InnoEnergy)?",FALSE
66,"ORG","ShipBuil","ULSTEIN","ULSTEIN GROUP","ULSTEIN( GROUP)?",FALSE
66,"ORG","Developer","Mainstream Renewable Power","Mainstream Renewable Power","Mainstream Renewable Power",FALSE
64,"ORG","Engineering","OSBIT","OSBIT Power Limited","OSBIT( Power)?( Limited)?|\bOP\b",FALSE
64,"ORG","Others","Moog","Moog","\bMoog\b",FALSE
64,"ORG","Equipment","MCT","Marine Current Turbines Ltd.","Marine Current Turbines( Ltd\.?)?|\bMCT\b",FALSE
63,"ORG","Equipment","CG","CG Holdings Belgium","\bCG( [A-Z][a-z]+){0,2}\b",FALSE
62,"ORG","Equipment","EOLOS","EOLOS Solutions","EOLOS",FALSE
61,"ORG","ShipBuil","Austal","Austal","\bAustal\b",FALSE
61,"ORG","Equipment","APEM","APEM Co. UK","\bAPEM\b",FALSE
61,"ORG","Equipment","IT Power","IT Power Consulting Ltd.","IT Power( Consulting)?( Ltd\.)?|\bITP\b",FALSE
59,"ORG","Consultant","LOC","London Offshore Consultants","London Offshore Consultants|\bLOC( Renewables| Group)?\b",FALSE
59,"ORG","Engineering","HSM","HSM( Offshore","\bHSM( Offshore)?",FALSE
58,"ORG","Developer","US Wind","US Wind","US Wind",FALSE
55,"ORG","Others","Mitsubishi Corporation","Mitsubishi Corporation","Mitsubishi Corporation",FALSE
54,"ORG","Engineering","ALE","ALE Wind Services","ALE('s)?",FALSE
53,"ORG","Equipment","Safety Technology","Safety Technology","Safety Technology",FALSE
53,"ORG","Engineering","Bibby Marine Services","Bibby Marine Services","Bibby Marine Services",FALSE
50,"ORG","Services","CS","CS Offshore","CS (O|o)ffshore|\bCS\b",FALSE
50,"ORG","Others","GRS","Global Renewables Shipbrokers","Global Renewables Shipbroker(s)?|\bGRS\b",FALSE
50,"ORG","Others","ORPC","Ocean Renewable Power Company","Ocean Renewable Power Company|\bORPC\b",FALSE
49,"ORG","Equipment","AMC","Aluminium Marine Consultants","Aluminium Marine Consultants|\bAMC\b",FALSE
49,"ORG","ShipBuil","IOW","South Boats IOW Ltd","\b(South Boats )?IOW(:| Ltd:)?",FALSE
48,"ORG","PowerCo","IBERDROLA","IBERDROLA Group","(Fundaci\S+ )?IBERDROLA (RENOVABLES|Group|INGENI\S+)?",FALSE
48,"ORG","Equipment","SMD","Soil Machine Dynamics","Soil Machine Dynamics( Ltd)?|\bSMD\b",FALSE
48,"ORG","Others","AW-Energy","AW-Energy","\bAW-Energy\b",FALSE
47,"ORG","Civil","HOCHTIEF","HOCHTIEF Construction","HOCHTIEF( Construction)?",FALSE
45,"ORG","Others","SeaRoc Group","SeaRoc Group","SeaRoc Group",FALSE
44,"ORG","Others","BLG","BLG WindEnergy Logistics","BLG WindEnergy( Logistics)?|\bBLG\b",FALSE
43,"ORG","Services","SMC","Specialist Marine Consultants","Specialist Marine Consultants|(Scaldis)? SMC('s)?",FALSE
43,"ORG","PowerCo","ESB","Electricity Supply Board","Electricity Supply Board|\bESB\b",FALSE
42,"ORG","PowerCo","Red Rock Power Ltd.","Red Rock Power Ltd.","Red Rock Power Ltd.",FALSE
42,"ORG","Blade","GEV","GEV Wind Power","GEV Wind Power('s)?|\bGEV\b",FALSE
42,"ORG","Services","LDA","Louis Dreyfus Armateurs","Louis Dreyfus ARMATEURS( Group)?( \(LDA\))?|\bLDA\b",TRUE
41,"ORG","Developer","Nordsee One","Nordsee One","Nordsee One",FALSE
40,"ORG","Others","SeaEnergy","Sea Energy Company","\bSeaEnergy\b",FALSE
39,"ORG","Services","3sun Group","3sun Group","3sun Group",FALSE
37,"ORG","Others","NRG","Renewable NRG Systems","Renewable NRG( Systems)|\bNRG\b",FALSE
36,"ORG","Engineering","Iceni Marine Services","Iceni Marine Services","Iceni Marine Services",FALSE
36,"ORG","Consultant","Anbaric","Anbaric","Anbaric",FALSE
35,"ORG","Consultant","OutSmart","OutSmart","\bOutSmart\b",FALSE
34,"ORG","Consultant","BVG Associates","BVG Associates","BVG Associates",FALSE
34,"ORG","Services","KCI","KCI","KCI",FALSE
34,"ORG","Equipment","XEMC","Xiangtan Electric Manufacturing Corporation","Xiangdian Wind Energy( \(XEMC\))?|Xiangtan Electric Manufacturing Corporation( Ltd)? |\bXEMC\b",FALSE
34,"ORG","System","Tideland","Tideland Singal","Tideland Signal|Tideland",FALSE
33,"ORG","Others","Siemens AG","Siemens AG","Siemens (AG|Industry)",FALSE
33,"ORG","Equipment","Hydro Group","Hydro Group","Hydro Group",FALSE
33,"ORG","Training","Deutsche WindGuard","Deutsche WindGuard","Deutsche WindGuard",FALSE
32,"ORG","Engineering","Oceanteam","Oceanteam","Oceanteam",FALSE
32,"ORG","Engineering","OOS","OOS International","OOS International|\bOOS\b",FALSE
31,"ORG","Others","LR","Lloyd's Register","Lloyd's Register( \(LR\))?|\bLR\b",FALSE
31,"ORG","Civil","MT Hojgaard","MT Hojgaard","MT Hojgaard|MT Hojgaard|\bMT\b",FALSE
31,"ORG","Others","Blue Water Shipping","Blue Water Shipping","Blue Water Shipping",FALSE
30,"ORG","Engineering","Red7Marine","Red7Marine","Red7Marine",FALSE
29,"ORG","PowerCo","Northland Power Inc.","Northland Power Inc.","Northland Power Inc.",FALSE
29,"ORG","Civil","BAM","BAM Nuttall","BAM Nuttall|\bBAM\b",FALSE
28,"ORG","Survey","Fugro EMU","Fugro EMU","Fugro EMU|\bEMU\b",FALSE
28,"ORG","Equipment","SKF","SKF","\bSKF\b",FALSE
27,"ORG","Services","TAG Energy Solutions","TAG Energy Solutions","TAG Energy Solutions",FALSE
27,"ORG","Foundation","AMBAU","AMBAU","\bAMBAU\b",FALSE
26,"ORG","Engineering","MMS","MMS Offshore Renewable Services Ltd","MMS Offshore|\bMMS\b",FALSE
25,"ORG","Equipment","Reef","Reef Subsea Power & Umbilical","Reef Subsea Power & Umbilical",FALSE
25,"ORG","Blade","Blade Dynamics","Blade Dynamics","Blade Dynamics",FALSE
24,"ORG","System","CPNL","CPNL","\bCPNL\b",FALSE
24,"ORG","Consultant","Aqualis","AqualisBraemar","AqualisBraemar|Aqualis",FALSE
24,"ORG","Services","NorSea","NorSea","NorSea",FALSE
23,"ORG","Engineering","Mitsubishi","Mitsubishi Heavy Industries","Mitsubishi Heavy Industries",FALSE
23,"ORG","Engineering","FoundOcean","FoundOcean","FoundOcean",FALSE
23,"ORG","Others","DTU Wind Energy","DTU Wind Energy","DTU Wind Energy",FALSE
22,"ORG","Developer","Nordsee One GmbH","Nordsee One GmbH","Nordsee One GmbH",FALSE
22,"ORG","Chemical","Aubin","Aubin Group","\bAubin\b",FALSE
22,"ORG","Consultant","NOF Energy","NOF Energy","NOF Energy",FALSE
21,"ORG","Chemical","BASF","BASF","\bBASF\b",FALSE
21,"ORG","Developer","Polenergia","Polenergia","Polenergia",FALSE
21,"ORG","Equipment","Senergy","Senergy","Senergy",FALSE
20,"ORG","Turbine","APQP4Wind","APQP4Wind","APQP4Wind",FALSE
20,"ORG","Consultant","WSP","WSP","\bWSP\b",FALSE
18,"ORG","Engineering","A&P Group","A&P Group","A&P Group",FALSE
18,"ORG","Engineering","Turner Iceni","Turner Iceni","Turner Iceni",FALSE
16,"ORG","Engineering","Northern Offshore Services","Northern Offshore Services","Northern Offshore Services",FALSE
15,"ORG","Engineering","Hung Hua","Hung Hua Construction","Hung Hua( Construction)?( Co\. Ltd\.)?|\bHHC\b",FALSE
13,"ORG","Engineering","AEG","Aeolus Energy Group","Aeolus Energy Group|\bAEG\b",FALSE
13,"ORG","Engineering","Falcon Global","Falcon Global","Falcon Global( LLC)?",FALSE
11,"ORG","Turbine","GE Wind","GE Wind","GE Wind|Alstom Wind",FALSE
7,"ORG","Services","Acteon","Acteon","\bActeon\b",FALSE
6,"ORG","Engineering","Seaway Offshore","Seaway Offshore Cables","Seaway Offshore( Cables)?",FALSE
3928,"TERM",NA,"OWF","Offshore Wind Farms","((O|o)ffshore )?(W|w)ind (F|f)arms|\bOWF\b",FALSE
3185,"TERM",NA,"Research","Research","(R|r)esearch",FALSE
1439,"TERM",NA,"CEO","Chief Executive Officer","(C|c)hief (E|e)xecutive (O|o)fficer|\bCEO\b",FALSE
992,"TERM",NA,"Oil & Gas","Oil & Gas","Oil (&|and) Gas",TRUE
943,"TERM",NA,"supply chain","supply chain","supply chain",TRUE
809,"TERM",NA,"HVDC","High Voltage DC","\bHVDC\b",FALSE
784,"TERM",NA,"LiDAR","Light Detection and Ranging Tech.","Light Detection and Ranging|(floating |F|B|Sea|DeepC)?LiDAR( technology)?",TRUE
770,"TERM",NA,"export cable","export cable","export cables?",TRUE
759,"TERM",NA,"OSS","Offshore Substation","Offshore Substation?|\bOSS\b",TRUE
720,"TERM",NA,"Wave Energy","Wave Energy","Wave Energy",TRUE
651,"TERM",NA,"marine energy","marine energy","marine energy",TRUE
593,"TERM",NA,"tidal energy","tidal energy","tidal energy",TRUE
554,"TERM",NA,"joint venture","joint venture","(J|j)oint (V|v)enture( \(JV\))?|\bJV\b",FALSE
521,"TERM",NA,"cost reduction","cost reduction","cost (reduction|savings?)",TRUE
485,"TERM",NA,"clean energy","clean energy","clean energy",TRUE
475,"TERM",NA,"SWT","SWT turbine Siemens","SWT[ 0-9\-\.]+(turbine)?",FALSE
466,"TERM",NA,"energy production","energy production","energy (generation|production)",TRUE
457,"TERM",NA,"energy technologies","energy technologies","energy technolog(y|ies)",TRUE
456,"TERM",NA,"power plants","power plants","power plants?",TRUE
439,"TERM",NA,"submarine cable","submarine cable","submarine cables?",TRUE
421,"TERM",NA,"TPs","transition pieces","(T|t)ransition (P|p)ieces|\bTPs\b",FALSE
416,"TERM",NA,"subsea cable","subsea cable","subsea cables?",TRUE
381,"TERM",NA,"ocean energy","ocean energy","ocean energy",TRUE
369,"TERM",NA,"climate change","climate change","climate change",TRUE
353,"TERM",NA,"cable route","cable route","cable route",TRUE
348,"TERM",NA,"energy sources","energy sources","energy sources?",TRUE
341,"TERM",NA,"renewables industry","renewables industry","renewables (industry|sector)",TRUE
319,"TERM",NA,"cable systems","cable systems","cable systems?",TRUE
314,"TERM",NA,"energy market","energy market","energy market",TRUE
302,"TERM",NA,"LCOE","Levelized Cost of Energy","Leveli(s|z)ed( |-)Cost( |-)of( |-)(Energy|Electricity)|\bLCOE\b",TRUE
302,"TERM",NA,"converter stations","converter stations","converter stations?",TRUE
296,"TERM",NA,"power systems","power systems","power systems?",TRUE
291,"TERM",NA,"rotor blade","rotor blade","rotor blades?",TRUE
287,"TERM",NA,"weather conditions","weather conditions","weather conditions",TRUE
285,"TERM",NA,"onshore wind","onshore wind","onshore wind",TRUE
278,"TERM",NA,"test sites","test sites","test sites?",TRUE
275,"TERM",NA,"turbine manufacturer","turbine manufacturers","turbine manufacturers?",TRUE
275,"TERM",NA,"AC","Alternate Current","\bAC\b",FALSE
270,"TERM",NA,"DolWin","DolWin","DolWin",FALSE
265,"TERM",NA,"low carbon","low carbon","low carbon",TRUE
261,"TERM",NA,"energy companies","energy companies","energy compan(y|ies)",TRUE
232,"TERM",NA,"offshore platform","offshore platform","offshore platform",TRUE
229,"TERM",NA,"DP","Dynamic Positioning","\bDP\b|Dynamic Positioning",FALSE
229,"TERM",NA,"MOU","Memorandum of Understanding","(M|m)emorandum of (U|u)nderstanding|\bM(O|o)U\b",FALSE
227,"TERM",NA,"suction bucket","suction bucket","suction bucket",TRUE
225,"TERM",NA,"tidal turbine","tidal turbine","tidal turbines?",TRUE
225,"TERM",NA,"turbine blade","turbine blade","turbine blades?",TRUE
224,"TERM",NA,"EPC(I)","Engineering Procurement Construction & Installation","engineering, procurement(,| and| &) construction((,| and| &) installation)?|\bEPCI?\b",TRUE
218,"TERM",NA,"elec. production","electricity production)","electricity (generation|production)",TRUE
216,"TERM",NA,"OWA","Offshore Wind Accelerator Service","(O|o)ffshore (W|w)ind (A|a)ccelerator( program)?|\bOWA\b",TRUE
216,"TERM",NA,"UXO","Unexploded ordnance","Unexploded Ordnance|\bUXO\b",TRUE
213,"TERM",NA,"Wave Power","Wave Power","Wave Power",TRUE
206,"TERM",NA,"power cables","power cables","power cables",TRUE
206,"TERM",NA,"Motion Compensation","Motion Compensation","(M|m)otion( |-)(C|c)ompensat(ion|ed)( platforms?)?",FALSE
205,"TERM",NA,"FID","Final Investment Decision","Final Investment Decision|\bFID\b",TRUE
203,"TERM",NA,"OFTO","Offshore Transmission Owner","(O|o)ffshore (T|t)ransmission (|O|o)wners?|\bOFTOs?",FALSE
203,"TERM",NA,"inter-array cables","inter-array cables","inter-array cables",TRUE
199,"TERM",NA,"offshore services","offshore services","offshore services?",TRUE
198,"TERM",NA,"WEC","Wave Energy Converter","Wave Energy Conver(ter|sion)|\bWEC\b",TRUE
193,"TERM",NA,"CfD","Contract for Difference","Contracts? for Difference|CfD",FALSE
192,"TERM",NA,"floating wind turbine","floating wind turbine","floating wind turbine",TRUE
191,"TERM",NA,"HVAC","High Voltage AC","\bHVAC\b",FALSE
189,"TERM",NA,"test facility","test facility","test facilit(y|ies)",TRUE
187,"TERM",NA,"wave heights","wave heights","wave heights?",TRUE
175,"TERM",NA,"WTG","Wind Turbine Generator","(W|w)ind (T|t)urbine (G|g)enerators?|\bWTG\b",FALSE
174,"TERM",NA,"financial close","financial close","financial close",TRUE
169,"TERM",NA,"research project","research project","research project",TRUE
167,"TERM",NA,"green energy","green energy","green energy",TRUE
166,"TERM",NA,"CO2 emissions","CO2 emissions","(CO2|carbon) emissions",TRUE
163,"TERM",NA,"best practice","best practice","best practices?",TRUE
161,"TERM",NA,"energy transition","energy transition","energy transitions?",TRUE
159,"TERM",NA,"power station","power station","power stations?",TRUE
156,"TERM",NA,"CETO","Cylindrical Energy Transfer Oscillating","(C|c)ylindrical (E|e)nergy (T|t)ransfer (O|o)scillating|\bCETO\b",FALSE
156,"TERM",NA,"electricity grid","electricity grid","electricity grid",TRUE
154,"TERM",NA,"rotor diameter","rotor diameter","rotor diameter",TRUE
152,"TERM",NA,"grid connections","grid connections","grid connections",TRUE
150,"TERM",NA,"energy supply","energy supply","energy supply",TRUE
149,"TERM",NA,"energy converter","energy converter","energy converter",TRUE
149,"TERM",NA,"CPS","Cable Protection System","(C|c)able (P|p)rotection (S|s)ystems?|\bCPS\b",FALSE
149,"TERM",NA,"TSO","Transmission Systems Operator","(T|t)ransmission (S|s)ystems (O|o)perators?|\bTSO\b",FALSE
145,"TERM",NA,"energy efficiency","energy efficiency","energy efficiency",TRUE
144,"TERM",NA,"cable protection","cable protection","cable protection",TRUE
143,"TERM",NA,"commercial operation","commercial operation","commercial operation",TRUE
142,"TERM",NA,"shallow water","shallow water","shallow water",TRUE
139,"TERM",NA,"renewable sources","renewable sources","renewable sources",TRUE
138,"TERM",NA,"project developers","project developers","project developers?",TRUE
137,"TERM",NA,"sister vessels","sister vessel","sister vessels?",TRUE
136,"TERM",NA,"OCS","Outer Continental Shelf","(Outer )?Continental Shelf|\bOCS\b",TRUE
134,"TERM",NA,"management system","management system","management systems?",TRUE
131,"TERM",NA,"fossil fuels","fossil fuels","fossil fuels",TRUE
130,"TERM",NA,"SMEs","small and medium-sized enterprises","small and medium(-sized)? enterprises?|\bSMEs?\b",TRUE
129,"TERM",NA,"onshore grid","onshore grid","onshore grid",TRUE
129,"TERM",NA,"safety training","safety training","safety training",TRUE
129,"TERM",NA,"lifting capacity","lifting capacity","lifting capacity",TRUE
126,"TERM",NA,"wind energy sector","wind energy sector","wind energy sector",TRUE
121,"TERM",NA,"project development","project development","project development",TRUE
120,"TERM",NA,"renewable electricity","renewable electricity","renewable electricity",TRUE
119,"TERM",NA,"framework agreement","framework agreement","framework agreement",TRUE
118,"TERM",NA,"OTM","Offshore Transformer Module","(O|o)ffshore (T|t)ransformer (M|m)odules?|\bOTMs?\b",FALSE
115,"TERM",NA,"scour protection","scour protection","scour protection",TRUE
115,"TERM",NA,"deck space","deck space","(D|d)eck space",FALSE
114,"TERM",NA,"maintenance costs","maintenance costs","maintenance costs?",TRUE
113,"TERM",NA,"compensated gangway","compensated gangway","compensated gangway",TRUE
110,"TERM",NA,"energy policy","energy policy","energy policy",TRUE
108,"TERM",NA,"energy solutions","energy solutions","energy solutions?",TRUE
106,"TERM",NA,"electricity market","electricity market","electricity market",TRUE
106,"TERM",NA,"nuclear power","nuclear power","nuclear power",TRUE
105,"TERM",NA,"power industry","power industry","power industry",TRUE
105,"TERM",NA,"tidal stream","tidal stream","tidal stream",TRUE
105,"TERM",NA,"JIP","Joint Industry Project","\bJIP\b|(J|j)oint (I|i)ndustry (P|p)roject",FALSE
102,"TERM",NA,"Dev. Manager","Business Development Manager","Business Development Manager",TRUE
102,"TERM",NA,"transmission assets","transmission assets","transmission assets?",TRUE
101,"TERM",NA,"power capacity","power capacity","power capacity",TRUE
101,"TERM",NA,"electricity transmission","electricity transmission","electricity transmission",TRUE
101,"TERM",NA,"marine mammals","marine mammals","marine mammals",TRUE
100,"TERM",NA,"control systems","control systems","control systems",TRUE
99,"TERM",NA,"PPA","Power Purchase Agreement","Power Purchase Agreement|\bPPA(s)?\b",TRUE
98,"TERM",NA,"permanent magnet","permanent magnet","permanent magnet",TRUE
98,"TERM",NA,"tidal transit","tidal transit","tidal transit",TRUE
97,"TERM",NA,"COO","Chief Operating Officer","(C|c)hief (O|o)perating (O|o)fficer|\bCOO\b",FALSE
95,"TERM",NA,"PPE","published Energy Plan","((p|P)ublished)? (e|E)nergy (p|P)lan( \(PPE\))?|\bPPE\b",FALSE
93,"TERM",NA,"offshore sector","offshore sector","offshore sector",TRUE
93,"TERM",NA,"spare parts","spare parts","spare parts",TRUE
93,"TERM",NA,"marine coordination","marine coordination","marine coordination",TRUE
92,"TERM",NA,"tidal lagoon","tidal lagoon","tidal lagoon",TRUE
91,"TERM",NA,"natural gas","natural gas","natural gas",TRUE
88,"TERM",NA,"MOG","Modular Offshore Grid","Modular Offshore Grid|\bMOG\b",TRUE
87,"TERM",NA,"nautical miles","nautical miles","nautical miles",TRUE
87,"TERM",NA,"bucket foundations","bucket foundations","bucket foundations?",TRUE
86,"TERM",NA,"carbon energy","carbon energy","carbon energy",TRUE
86,"TERM",NA,"power production","power production","power production",TRUE
85,"TERM",NA,"heavy industries","heavy industries","heavy industries",TRUE
85,"TERM",NA,"marine engineering","marine engineering","marine engineering",TRUE
85,"TERM",NA,"solar power","solar power","solar power",TRUE
85,"TERM",NA,"turbine technology","turbine technology","turbine technology",TRUE
85,"TERM",NA,"swire blue","swire blue","swire blue",TRUE
84,"TERM",NA,"RFP","Request for Proposal","Request for Proposal|\b(R(F|f)P)\b",TRUE
83,"TERM",NA,"PV","solar photovoltaic","(S|s)olar (P|p)hotovoltaic|\bPV\b",FALSE
82,"TERM",NA,"RCS","Reactive Compensation (Sub)station","Reactive Compensation (Sub)?station|\bRCS\b",TRUE
81,"TERM",NA,"continental shelf","continental shelf","continental shelf",TRUE
77,"TERM",NA,"OHVS","Offshore High Voltage Substation","Offshore High Voltage Substation|\bOHVS\b",TRUE
76,"TERM",NA,"commercial scale","commercial scale","commercial scale",TRUE
74,"TERM",NA,"CGS","Combined Grid Solution","Combined Grid Solution|\bCGS\b",TRUE
73,"TERM",NA,"MHK","Marine Hydrokinetic","\bMHK\b|(M|m)arine( and)? (H|h)ydrokinetic",FALSE
72,"TERM",NA,"VSC","Voltage Source Converter","(V|v)oltage (S|s)ource (C|c)onverter|\bVSC\b",FALSE
70,"TERM",NA,"OTEC","Ocean Thermal Energy Conversion","\bOTEC\b|(O|o)cean (T|t)hermal (E|e)nergy (C|c)onversion",FALSE
67,"TERM",NA,"FY","fiscal year","fiscal year|\bFY\b",FALSE
62,"TERM",NA,"Power Conversion","Power Conversion","Power Conversion",TRUE
59,"TERM",NA,"GIS","Geographic Information System","Geographic Information System|\bGIS\b",FALSE
57,"TERM",NA,"Cable Enterprise","Cable Enterprise","Cable Enterprise",TRUE
57,"TERM",NA,"FPP","Floating Power Plant","(F|f)loating (P|p)ower (P|p)lant|\bFPP\b",FALSE
54,"TERM",NA,"VAWT","Vertical Axis Wind Turbine","Vertical Axis Wind Turbine|\bVAWT\b",TRUE
54,"TERM",NA,"Borssele Beta","Borssele Beta transformer platform","Borssele Beta",FALSE
53,"TERM",NA,"greenhouse gas emissions","greenhouse gas emissions","greenhouse gas emissions?",TRUE
52,"TERM",NA,"CPT","Cone Penetration Tests","(C|c)one (P|p)enetration (T|t)est(s)?( \(CPT\))?|CPT( \((C|c)one (P|p)enetration (T|t)est(s)?\))?|\bCPT\b",FALSE
52,"TERM",NA,"GE Haliade","GE Haliade wind turbine","GE Haliade",FALSE
50,"TERM",NA,"TLP","Tension Leg Platform","Tension( |-)Leg( |-)Platform|\bTLP\b",TRUE
50,"TERM",NA,"LNG","liquefied natural gas","(L|l)iquefied (N|n)atural (G|g)as|\bLNG\b",FALSE
49,"TERM",NA,"XLPE","cross-linked polyethylene","cross-linked polyethylene( insulated)?|\bXLPE\b",FALSE
47,"TERM",NA,"CAGR","Compound Annual Growth Rate","Compound Annual Growth Rate|\bCAGR\b",FALSE
46,"TERM",NA,"HDD","Horizontal Directional Drilling","Horizontal Directional Drilling|\bHDD\b",TRUE
45,"TERM",NA,"SES","Surface Effect Ship Tech.","surface(-| )effect(-| )ship|\bSES\b",TRUE
45,"TERM",NA,"ASV","Autonomous Surface Vehicle","Autonomous Surface Vehicle(s)?|\bASV\b",FALSE
45,"TERM",NA,"MSP","Maritime Spatial Planning","(M|m)aritime (S|s)patial (P|p)lanning( \(MSP\))?|\bMSP\b",FALSE
41,"TERM",NA,"OPEX","operating expense","(o|O)perating (e|E)xpense|\bOPEX\b",TRUE
41,"TERM",NA,"Marine Current Turbines","Marine Current Turbine","Marine Current Turbine",TRUE
36,"TERM",NA,"SDE+","Stimulation of Sustainable Energy Production","(The SDE\+? )?\(?Stimulering Duurzame Energieproductie/Stimulation of sustainable energy production\)|Renewable Energy Production Incentive( \(SDE\))?|\bSDE( )?\+?\b",FALSE
34,"TERM",NA,"FOWIND","Facilitating Offshore Wind in India","(F|f)acilitating (O|o)ffshore (W|w)ind (I|i)n (I|i)ndia( \(FOWIND\))?|FOWIND \((F|f)acilitating (O|o)ffshore (W|w)ind (I|i)n (I|i)ndia\)|\bFOWIND\b",FALSE
33,"TERM",NA,"AEP","annual energy production","(A|a)nnual (E|e)nergy (P|p)roduction|\bAEP\b",FALSE
31,"TERM",NA,"CCS","Carbon Capture & Storage","carbon capture (and|&) storage|\bCCS\b",TRUE
25,"TERM",NA,"MRCF","Marine Renewables Commercialisation Fund","Marine Renewables Commercialisation Fund|\bMRCF\b",FALSE
122,"UNIV",NA,"DTU","Tech. Univ. Denmark","Technical University of Denmark|\bDTU\b",FALSE
61,"UNIV",NA,"Maine","Univ. Maine","University of Maine",FALSE
49,"UNIV",NA,"Strathclyde","Univ. Strathclyde","University of Strathclyde|Strathclyde University",FALSE
37,"UNIV",NA,"Exeter","Univ. Exeter","University of Exeter|Exeter University",FALSE
36,"UNIV",NA,"Edinburgh","Univ. Edinburgh","University of Edinburgh|Edinburgh University",FALSE
35,"UNIV",NA,"Hull","Univ. Hull","University of Hull",FALSE
26,"UNIV",NA,"Clemson","Univ. Clemson","Clemson University",FALSE
24,"UNIV",NA,"Delaware","Univ. Delaware","University of Delaware",FALSE
22,"UNIV",NA,"Lowestoft","Lowestoft College","Lowestoft College",FALSE
21,"UNIV",NA,"Stuttgart","Univ. Stuttgart","University of Stuttgart",FALSE
21,"UNIV",NA,"Plymouth","Univ. Plymouth","University of Plymouth|Plymouth University",FALSE
20,"UNIV",NA,"Massachusetts","Univ. Massachusetts","University of Massachusetts",FALSE
18,"UNIV",NA,"Technology","Univ. Technology","University of Technology",FALSE
17,"UNIV",NA,"TU.Denmark","Univ. TU.Denmark","Technical University( of| in)? Denmark",FALSE
16,"UNIV",NA,"Newcastle","Newcastle College","Newcastle College",FALSE
15,"UNIV",NA,"Cranfield","Univ. Cranfield","Cranfield University",FALSE
15,"UNIV",NA,"Durham","Univ. Durham","Durham University",FALSE
14,"UNIV",NA,"Aberdeen","Univ. Aberdeen","University of Aberdeen",FALSE
14,"UNIV",NA,"Watt","Univ. Watt","Watt University",FALSE
14,"UNIV",NA,"Washington","Univ. Washington","University of Washington",FALSE
14,"UNIV",NA,"Aalborg","Univ. Aalborg","Aalborg University",FALSE
13,"UNIV",NA,"Robert Gordon","Univ. Robert Gordon","Robert Gordon University",FALSE
13,"UNIV",NA,"Rostock","Univ. Rostock","University of Rostock",FALSE
13,"UNIV",NA,"Great Yarmouth","Great Yarmouth College","Great Yarmouth College",FALSE
12,"UNIV",NA,"Oxford","Univ. Oxford","University of Oxford|Oxford University",FALSE
12,"UNIV",NA,"Southampton","Univ. Southampton","University of Southampton|Southampton University",FALSE
12,"UNIV",NA,"Tokyo","Univ. Tokyo","University of Tokyo",FALSE
12,"UNIV",NA,"Hull C.","Hull College","Hull College",FALSE
12,"UNIV",NA,"Bristol Community","Bristol Community College","Bristol Community College",FALSE
12,"UNIV",NA,"Delft","Univ. Delft","Delft University",FALSE
11,"UNIV",NA,"Oregon State","Univ. Oregon State","Oregon State University",FALSE
10,"UNIV",NA,"Maryland","Univ. Maryland","University of Maryland",FALSE
10,"UNIV",NA,"Cardiff","Univ. Cardiff","Cardiff University",FALSE
10,"UNIV",NA,"Swansea","Univ. Swansea","Swansea University",FALSE
583,"VESSEL",NA,"CTV","Crew Transfer Vessel","crew( |-)transfer vessels?|\bCTV\b",TRUE
457,"VESSEL",NA,"SOV","Service Operation Vessel","service operations? vessels?|\bSOV\b",TRUE
392,"VESSEL",NA,"Jack Up Vessel","Jack Up Vessel","jack( |-)up( installation)? vessels?",TRUE
305,"VESSEL",NA,"Cable Laying Vessel","Cable Laying Vessel","cable( |-)?(installation|lay(ing)?) vessels?|\bCLV\b",TRUE
195,"VESSEL",NA,"Heavy Lift Vessel","Heavy Lift Vessel","heavy( |-)lift vessels?|\bHLV\b",TRUE
156,"VESSEL",NA,"SEA","Strategic Environmental Assessment","\bSEA(( |-)([A-Z]+))?\b",FALSE
154,"VESSEL",NA,"FCS","Fast Crew Supplier","(F|f)ast (C|c)rew (S|s)uppliers?|\bFCS\b",FALSE
139,"VESSEL",NA,"Service Vessel","Service Vessel","(wind farm |offshore )?service vessels?",TRUE
124,"VESSEL",NA,"VOS","Vroon Offshore Services","\bVOS\b",FALSE
108,"VESSEL",NA,"Seajacks Scylla","Seajacks Scylla","Seajacks Scylla",FALSE
107,"VESSEL",NA,"Support Vessel","Support Vessel","(wind farm|offshore) support vessels?",TRUE
104,"VESSEL",NA,"WTIV","wind turbine installation vessel","wind turbine installation vessel( \(WTIV\))?|\bWTIV\b",FALSE
100,"VESSEL",NA,"Turbine Installation Vessel","Turbine Installation Vessel","(wind )?turbine installation vessels?",TRUE
99,"VESSEL",NA,"Construction Vessel","Construction Vessel","(offshore )?construction( support)? vessels?",TRUE
98,"VESSEL",NA,"Stanislav Yudin","Stanislav Yudin","Stanislav Yudin",FALSE
93,"VESSEL",NA,"SWATH","Small Waterplane Area Twin Hull","\bSWATH\b",FALSE
88,"VESSEL",NA,"Installation Vessel","Installation Vessel","(wind( farm)? |offshore )installation vessels?",TRUE
87,"VESSEL",NA,"Bold Tern","Bold Tern","Bold Tern",FALSE
86,"VESSEL",NA,"Wind Farm Vessel","Wind Farm Vessel","(wind farm|offshore) vessels?",TRUE
86,"VESSEL",NA,"Brave Tern","Brave Tern","Brave Tern",FALSE
79,"VESSEL",NA,"Vole au Vent","Vole au Vent","\bVole au Vent\b",TRUE
75,"VESSEL",NA,"MRE","Marine Renewable Energy","\bMRE\b",FALSE
63,"VESSEL",NA,"MPI Discovery","MPI Discovery","MPI Discovery",FALSE
61,"VESSEL",NA,"Bibby WaveMaster","Bibby WaveMaster","Bibby WaveMaster (1|2)",FALSE
56,"VESSEL",NA,"X-STERN","operate with stern","X-(STERN|BOW)",FALSE
54,"VESSEL",NA,"Living Stone","Living Stone","Living Stone",FALSE
53,"VESSEL",NA,"Accommodation Vessel","Accommodation Vessel","accommodation vessels?",TRUE
53,"VESSEL",NA,"HST","High Speed Transfers","\bHST [HS][a-z]+",FALSE
52,"VESSEL",NA,"SEA CHALLENGER","SEA CHALLENGER","SEA CHALLENGER",FALSE
51,"VESSEL",NA,"CSV","Construction Support Vessel","(C|c)onstruction (S|s)upport (V|v)essel( \(CSV\))?|\bCSV\b",FALSE
48,"VESSEL",NA,"Maersk Connector","Maersk Connector","Maersk Connector",FALSE
44,"VESSEL",NA,"Siem Aimery","Siem Aimery","Siem Aimery",FALSE
36,"VESSEL",NA,"Chartwell","Chartwell","Chartwell",FALSE
29,"VESSEL",NA,"GMS","Gulf / Green Marine Services","GMS( Endeavour| Evolution| vessels?)",FALSE
22,"VESSEL",NA,"Platform Supply Vessel","Platform Supply Vessel","platform supply vessels?",TRUE
22,"VESSEL",NA,"Maintenance Vessel","Maintenance Vessel","maintenance vessels?",TRUE
